VISN,Facility Name,Service,EIL,Asset#,Equipment Category,Manufacturer,Model#,Use Status,Location,Acquisition,Replacement,Asset Value
16,(564) VHSO,BIOMED,136,1109188,TESTERS: INFUSION PUMP,BIO TEK MEDICAL,IDA,OPERATING,1120-02,1-Sep-93,1-Sep-03,3875
16,(564) VHSO,SURGERY,234,1114898,INFUSION PUMPS: ENTERAL FEEDING,TYCO HEALTHCARE / KENDALL,KANGAROO PUMP,OPERATING,110-03,18-Feb-15,18-Feb-25,449
16,(564) VHSO,SURGERY,235,1224812,TESTERS: INFUSION PUMP,Hewlett-Packard USA,6730B,OPERATING,1111-02,25-Jan-10,25-Jan-13,2025
16,(564) VHSO,SURGERY,235,1228865,INFUSION PUMPS: ENTERAL FEEDING,TYCO HEALTHCARE / KENDALL,KANGAROO PUMP,OPERATING,239-01,18-Feb-15,18-Feb-25,449
16,(564) VHSO,SURGERY,235,1187299,INFUSION PUMPS: ENTERAL FEEDING,TYCO HEALTHCARE / KENDALL,KANGAROO PUMP,OPERATING,239-01,18-Feb-15,18-Feb-25,449
16,(564) VHSO,SURGERY,235,1118129,INFUSION PUMPS: ENTERAL FEEDING,KANGURU SOLUTIONS,EPUMP,OPERATING,3B333-01,10-Dec-14,10-Dec-24,500
16,(564) VHSO,SURGERY,236,1197550,INFUSION PUMPS: ENTERAL FEEDING,TYCO HEALTHCARE / KENDALL,KANGAROO PUMP,OPERATING,323A-01,18-Feb-15,18-Feb-25,449
16,(564) VHSO,SURGERY,422,1657463,INFUSION PUMPS: ANALGESIC: PATIENT-CONTROLLED,CareFusion Alaris,ALARIS PCA MODULE 8120,OPERATING,239-01,20-Nov-17,20-Nov-25,3307.02
16,(564) VHSO,NURSING SERVICE,421,1657464,INFUSION PUMPS: ANALGESIC: PATIENT-CONTROLLED,CareFusion Alaris,ALARIS PCA MODULE 8120,OPERATING,005-46,20-Nov-17,20-Nov-25,3307.02
16,(564) VHSO,NURSING SERVICE,421,1657465,INFUSION PUMPS: ANALGESIC: PATIENT-CONTROLLED,CareFusion Alaris,ALARIS PCA MODULE 8120,OPERATING,239-01,20-Nov-17,20-Nov-25,3307.02
16,(564) VHSO,NURSING SERVICE,421,1657466,INFUSION PUMPS: ANALGESIC: PATIENT-CONTROLLED,CareFusion Alaris,ALARIS PCA MODULE 8120,OPERATING,1111-02,20-Nov-17,20-Nov-25,3307.02
16,(564) VHSO,NURSING SERVICE,421,1657467,INFUSION PUMPS: ANALGESIC: PATIENT-CONTROLLED,CareFusion Alaris,ALARIS PCA MODULE 8120,OPERATING,3B333-01,20-Nov-17,20-Nov-25,3307.02
16,(564) VHSO,NURSING SERVICE,421,1657468,INFUSION PUMPS: ANALGESIC: PATIENT-CONTROLLED,CareFusion Alaris,ALARIS PCA MODULE 8120,OPERATING,005-46,20-Nov-17,20-Nov-25,3307.02
16,(564) VHSO,NURSING SERVICE,421,1239268,INFUSION PUMPS: ANALGESIC: PATIENT-CONTROLLED,CareFusion,ALARIS PCA MODULE 8120,OPERATING,239-01,11-Oct-11,11-Oct-19,3303.2
16,(564) VHSO,NURSING SERVICE,421,1229425,INFUSION PUMPS: ANALGESIC: PATIENT-CONTROLLED,CareFusion,ALARIS PCA MODULE 8120,OPERATING,239-01,23-Aug-12,23-Aug-20,3553.19
16,(564) VHSO,NURSING SERVICE,421,1126438,INFUSION PUMPS: ANALGESIC: PATIENT-CONTROLLED,CareFusion,ALARIS PCA MODULE 8120,OPERATING,3B347-01,11-Oct-11,11-Oct-19,3303.2
16,(564) VHSO,NURSING SERVICE,421,1124008,INFUSION PUMPS: ANALGESIC: PATIENT-CONTROLLED,CareFusion,ALARIS PCA MODULE 8120,OPERATING,1111-02,11-Oct-11,11-Oct-19,3303.2
16,(564) VHSO,NURSING SERVICE,421,1115417,INFUSION PUMPS: ANALGESIC: PATIENT-CONTROLLED,CareFusion,ALARIS PCA MODULE 8120,OPERATING,239-01,23-Aug-12,23-Aug-20,3553.19
16,(564) VHSO,NURSING SERVICE,421,1235889,INFUSION PUMPS: ANALGESIC: PATIENT-CONTROLLED,CareFusion,ALARIS PCA MODULE 8120,OPERATING,239-01,23-Aug-12,23-Aug-20,3553.19
16,(564) VHSO,NURSING SERVICE,421,1206781,INFUSION PUMPS: ANALGESIC: PATIENT-CONTROLLED,CareFusion,ALARIS PCA MODULE 8120,OPERATING,110-03,11-Oct-11,11-Oct-19,3303.2
16,(564) VHSO,NURSING SERVICE,421,1129275,INFUSION PUMPS: ANALGESIC: PATIENT-CONTROLLED,CareFusion,ALARIS PCA MODULE 8120,OPERATING,239-01,11-Oct-11,11-Oct-19,3303.2
16,(564) VHSO,NURSING SERVICE,421,1111331,INFUSION PUMPS: ANALGESIC: PATIENT-CONTROLLED,CareFusion,ALARIS PCA MODULE 8120,OPERATING,1111-02,23-Aug-12,23-Aug-20,3553.19
16,(564) VHSO,NURSING SERVICE,421,1091801,INFUSION PUMPS: ANALGESIC: PATIENT-CONTROLLED,CareFusion,ALARIS PCA MODULE 8120,OPERATING,239-01,23-Aug-12,23-Aug-20,3553.19
16,(564) VHSO,NURSING SERVICE,422,1657822,INFUSION CONTROLLERS,CareFusion Alaris,ALARIS PC UNIT 8015 LS,OPERATING,212-01,20-Nov-17,20-Nov-25,2105.83
16,(564) VHSO,NURSING SERVICE,422,1657823,INFUSION CONTROLLERS,CareFusion Alaris,ALARIS PC UNIT 8015 LS,OPERATING,252-01,20-Nov-17,20-Nov-25,2105.83
16,(564) VHSO,NURSING SERVICE,422,1657824,INFUSION CONTROLLERS,CareFusion Alaris,ALARIS PC UNIT 8015 LS,OPERATING,321-01,20-Nov-17,20-Nov-25,2105.83
16,(564) VHSO,NURSING SERVICE,422,1657825,INFUSION CONTROLLERS,CareFusion Alaris,ALARIS PC UNIT 8015 LS,OPERATING,257-01,20-Nov-17,20-Nov-25,2105.83
16,(564) VHSO,NURSING SERVICE,423,1657826,INFUSION CONTROLLERS,CareFusion Alaris,ALARIS PC UNIT 8015 LS,OPERATING,401-01,20-Nov-17,20-Nov-25,2105.83
16,(564) VHSO,NURSING SERVICE,422,1657827,INFUSION CONTROLLERS,CareFusion Alaris,ALARIS PC UNIT 8015 LS,OPERATING,251-01,20-Nov-17,20-Nov-25,2105.83
16,(564) VHSO,NURSING SERVICE,423,1657828,INFUSION CONTROLLERS,CareFusion Alaris,ALARIS PC UNIT 8015 LS,OPERATING,8,20-Nov-17,20-Nov-25,2105.83
16,(564) VHSO,NURSING SERVICE,422,1657829,INFUSION CONTROLLERS,CareFusion Alaris,ALARIS PC UNIT 8015 LS,OPERATING,203-01,20-Nov-17,20-Nov-25,2105.83
16,(564) VHSO,NURSING SERVICE,423,1657830,INFUSION CONTROLLERS,CareFusion Alaris,ALARIS PC UNIT 8015 LS,OPERATING,PC145-01,20-Nov-17,20-Nov-25,2105.83
16,(564) VHSO,NURSING SERVICE,422,1657831,INFUSION CONTROLLERS,CareFusion Alaris,ALARIS PC UNIT 8015 LS,OPERATING,239-01,20-Nov-17,20-Nov-25,2105.83
16,(564) VHSO,NURSING SERVICE,422,1657832,INFUSION CONTROLLERS,CareFusion Alaris,ALARIS PC UNIT 8015 LS,OPERATING,114-53,20-Nov-17,20-Nov-25,2105.83
16,(564) VHSO,NURSING SERVICE,422,1657833,INFUSION CONTROLLERS,CareFusion Alaris,ALARIS PC UNIT 8015 LS,OPERATING,239-01,20-Nov-17,20-Nov-25,2105.83
16,(564) VHSO,NURSING SERVICE,422,1657834,INFUSION CONTROLLERS,CareFusion Alaris,ALARIS PC UNIT 8015 LS,OPERATING,222-01,20-Nov-17,20-Nov-25,2105.83
16,(564) VHSO,NURSING SERVICE,422,1657835,INFUSION CONTROLLERS,CareFusion Alaris,ALARIS PC UNIT 8015 LS,OPERATING,203-01,20-Nov-17,20-Nov-25,2105.83
16,(564) VHSO,NURSING SERVICE,423,1657836,INFUSION CONTROLLERS,CareFusion Alaris,ALARIS PC UNIT 8015 LS,OPERATING,401-01,20-Nov-17,20-Nov-25,2105.83
16,(564) VHSO,NURSING SERVICE,424,1657837,INFUSION CONTROLLERS,CareFusion Alaris,ALARIS PC UNIT 8015 LS,OPERATING,NB224-MV,20-Nov-17,20-Nov-25,2105.83
16,(564) VHSO,NURSING SERVICE,424,1657838,INFUSION CONTROLLERS,CareFusion Alaris,ALARIS PC UNIT 8015 LS,OPERATING,401-01,20-Nov-17,20-Nov-25,2105.83
16,(564) VHSO,NURSING SERVICE,424,1657839,INFUSION CONTROLLERS,CareFusion Alaris,ALARIS PC UNIT 8015 LS,OPERATING,PC145-01,20-Nov-17,20-Nov-25,2105.83
16,(564) VHSO,NURSING SERVICE,422,1657840,INFUSION CONTROLLERS,CareFusion Alaris,ALARIS PC UNIT 8015 LS,OPERATING,PC159-01,20-Nov-17,20-Nov-25,2105.83
16,(564) VHSO,NURSING SERVICE,422,1657841,INFUSION CONTROLLERS,CareFusion Alaris,ALARIS PC UNIT 8015 LS,OPERATING,PC155-01,20-Nov-17,20-Nov-25,2105.83
16,(564) VHSO,NURSING SERVICE,423,1657842,INFUSION CONTROLLERS,CareFusion Alaris,ALARIS PC UNIT 8015 LS,OPERATING,222-01,20-Nov-17,20-Nov-25,2105.83
16,(564) VHSO,NURSING SERVICE,423,1657843,INFUSION CONTROLLERS,CareFusion Alaris,ALARIS PC UNIT 8015 LS,OPERATING,401-01,20-Nov-17,20-Nov-25,2105.83
16,(564) VHSO,NURSING SERVICE,422,1657844,INFUSION CONTROLLERS,CareFusion Alaris,ALARIS PC UNIT 8015 LS,OPERATING,1192-52,20-Nov-17,20-Nov-25,2105.83
16,(564) VHSO,NURSING SERVICE,422,1657845,INFUSION CONTROLLERS,CareFusion Alaris,ALARIS PC UNIT 8015 LS,OPERATING,005-46,20-Nov-17,20-Nov-25,2105.83
16,(564) VHSO,NURSING SERVICE,422,1657846,INFUSION CONTROLLERS,CareFusion Alaris,ALARIS PC UNIT 8015 LS,OPERATING,239-01,20-Nov-17,20-Nov-25,2105.83
16,(564) VHSO,NURSING SERVICE,422,1657847,INFUSION CONTROLLERS,CareFusion Alaris,ALARIS PC UNIT 8015 LS,OPERATING,005-46,20-Nov-17,20-Nov-25,2105.83
16,(564) VHSO,NURSING SERVICE,422,1657848,INFUSION CONTROLLERS,CareFusion Alaris,ALARIS PC UNIT 8015 LS,OPERATING,3B345-01,20-Nov-17,20-Nov-25,2105.83
16,(564) VHSO,NURSING SERVICE,422,1657849,INFUSION CONTROLLERS,CareFusion Alaris,ALARIS PC UNIT 8015 LS,OPERATING,PC145-01,20-Nov-17,20-Nov-25,2105.83
16,(564) VHSO,NURSING SERVICE,424,1657850,INFUSION CONTROLLERS,CareFusion Alaris,ALARIS PC UNIT 8015 LS,OPERATING,,20-Nov-17,20-Nov-25,2105.83
16,(564) VHSO,NURSING SERVICE,422,1657851,INFUSION CONTROLLERS,CareFusion Alaris,ALARIS PC UNIT 8015 LS,OPERATING,1111-02,20-Nov-17,20-Nov-25,2105.83
16,(564) VHSO,NURSING SERVICE,422,1657852,INFUSION CONTROLLERS,CareFusion Alaris,ALARIS PC UNIT 8015 LS,OPERATING,PC166-01,20-Nov-17,20-Nov-25,2105.83
16,(564) VHSO,NURSING SERVICE,423,1657853,INFUSION CONTROLLERS,CareFusion Alaris,ALARIS PC UNIT 8015 LS,OPERATING,PC159-01,20-Nov-17,20-Nov-25,2105.83
16,(564) VHSO,NURSING SERVICE,424,1657854,INFUSION CONTROLLERS,CareFusion Alaris,ALARIS PC UNIT 8015 LS,OPERATING,PC145-01,20-Nov-17,20-Nov-25,2105.83
16,(564) VHSO,NURSING SERVICE,422,1657855,INFUSION CONTROLLERS,CareFusion Alaris,ALARIS PC UNIT 8015 LS,OPERATING,,20-Nov-17,20-Nov-25,2105.83
16,(564) VHSO,NURSING SERVICE,422,1657856,INFUSION CONTROLLERS,CareFusion Alaris,ALARIS PC UNIT 8015 LS,OPERATING,270-01,20-Nov-17,20-Nov-25,2105.83
16,(564) VHSO,NURSING SERVICE,422,1657857,INFUSION CONTROLLERS,CareFusion Alaris,ALARIS PC UNIT 8015 LS,OPERATING,216-01,20-Nov-17,20-Nov-25,2105.83
16,(564) VHSO,NURSING SERVICE,422,1657858,INFUSION CONTROLLERS,CareFusion Alaris,ALARIS PC UNIT 8015 LS,OPERATING,PC157-01,20-Nov-17,20-Nov-25,2105.83
16,(564) VHSO,NURSING SERVICE,422,1657859,INFUSION CONTROLLERS,CareFusion Alaris,ALARIS PC UNIT 8015 LS,OPERATING,239-01,20-Nov-17,20-Nov-25,2105.83
16,(564) VHSO,NURSING SERVICE,423,1657860,INFUSION CONTROLLERS,CareFusion Alaris,ALARIS PC UNIT 8015 LS,OPERATING,1111-02,20-Nov-17,20-Nov-25,2105.83
16,(564) VHSO,NURSING SERVICE,423,1657861,INFUSION CONTROLLERS,CareFusion Alaris,ALARIS PC UNIT 8015 LS,OPERATING,PC149-01,20-Nov-17,20-Nov-25,2105.83
16,(564) VHSO,NURSING SERVICE,423,1657862,INFUSION CONTROLLERS,CareFusion Alaris,ALARIS PC UNIT 8015 LS,OPERATING,401-01,20-Nov-17,20-Nov-25,2105.83
16,(564) VHSO,NURSING SERVICE,423,1657863,INFUSION CONTROLLERS,CareFusion Alaris,ALARIS PC UNIT 8015 LS,OPERATING,401-01,20-Nov-17,20-Nov-25,2105.83
16,(564) VHSO,NURSING SERVICE,422,1657864,INFUSION CONTROLLERS,CareFusion Alaris,ALARIS PC UNIT 8015 LS,OPERATING,401-01,20-Nov-17,20-Nov-25,2105.83
16,(564) VHSO,NURSING SERVICE,422,1657865,INFUSION CONTROLLERS,CareFusion Alaris,ALARIS PC UNIT 8015 LS,OPERATING,PCC110-01,20-Nov-17,20-Nov-25,2105.83
16,(564) VHSO,NURSING SERVICE,422,1657866,INFUSION CONTROLLERS,CareFusion Alaris,ALARIS PC UNIT 8015 LS,OPERATING,PC164-01,20-Nov-17,20-Nov-25,2105.83
16,(564) VHSO,NURSING SERVICE,422,1657792,INFUSION CONTROLLERS,CareFusion Alaris,ALARIS PC UNIT 8015 LS,OPERATING,PC145-01,20-Nov-17,20-Nov-25,2105.83
16,(564) VHSO,NURSING SERVICE,424,1657793,INFUSION CONTROLLERS,CareFusion Alaris,ALARIS PC UNIT 8015 LS,OPERATING,267-01,20-Nov-17,20-Nov-25,2105.83
16,(564) VHSO,NURSING SERVICE,422,1657794,INFUSION CONTROLLERS,CareFusion Alaris,ALARIS PC UNIT 8015 LS,OPERATING,207-01,20-Nov-17,20-Nov-25,2105.83
16,(564) VHSO,NURSING SERVICE,422,1657795,INFUSION CONTROLLERS,CareFusion Alaris,ALARIS PC UNIT 8015 LS,OPERATING,1111-02,20-Nov-17,20-Nov-25,2105.83
16,(564) VHSO,NURSING SERVICE,422,1657796,INFUSION CONTROLLERS,CareFusion Alaris,ALARIS PC UNIT 8015 LS,OPERATING,216-01,20-Nov-17,20-Nov-25,2105.83
16,(564) VHSO,NURSING SERVICE,422,1657797,INFUSION CONTROLLERS,CareFusion Alaris,ALARIS PC UNIT 8015 LS,OPERATING,239-01,20-Nov-17,20-Nov-25,2105.83
16,(564) VHSO,NURSING SERVICE,422,1657798,INFUSION CONTROLLERS,CareFusion Alaris,ALARIS PC UNIT 8015 LS,OPERATING,PC154-01,20-Nov-17,20-Nov-25,2105.83
16,(564) VHSO,NURSING SERVICE,422,1657799,INFUSION CONTROLLERS,CareFusion Alaris,ALARIS PC UNIT 8015 LS,OPERATING,PC148-01,20-Nov-17,20-Nov-25,2105.83
16,(564) VHSO,NURSING SERVICE,422,1657800,INFUSION CONTROLLERS,CareFusion Alaris,ALARIS PC UNIT 8015 LS,OPERATING,226-01,20-Nov-17,20-Nov-25,2105.83
16,(564) VHSO,NURSING SERVICE,422,1657801,INFUSION CONTROLLERS,CareFusion Alaris,ALARIS PC UNIT 8015 LS,OPERATING,219-01,20-Nov-17,20-Nov-25,2105.83
16,(564) VHSO,NURSING SERVICE,422,1657802,INFUSION CONTROLLERS,CareFusion Alaris,ALARIS PC UNIT 8015 LS,OPERATING,401-01,20-Nov-17,20-Nov-25,2105.83
16,(564) VHSO,NURSING SERVICE,422,1657803,INFUSION CONTROLLERS,CareFusion Alaris,ALARIS PC UNIT 8015 LS,OPERATING,323A-01,20-Nov-17,20-Nov-25,2105.83
16,(564) VHSO,NURSING SERVICE,422,1657804,INFUSION CONTROLLERS,CareFusion Alaris,ALARIS PC UNIT 8015 LS,OPERATING,PC148-01,20-Nov-17,20-Nov-25,2105.83
16,(564) VHSO,NURSING SERVICE,422,1657805,INFUSION CONTROLLERS,CareFusion Alaris,ALARIS PC UNIT 8015 LS,OPERATING,219-01,20-Nov-17,20-Nov-25,2105.83
16,(564) VHSO,NURSING SERVICE,422,1657806,INFUSION CONTROLLERS,CareFusion Alaris,ALARIS PC UNIT 8015 LS,OPERATING,PC149-01,20-Nov-17,20-Nov-25,2105.83
16,(564) VHSO,NURSING SERVICE,422,1657807,INFUSION CONTROLLERS,CareFusion Alaris,ALARIS PC UNIT 8015 LS,OPERATING,216-01,20-Nov-17,20-Nov-25,2105.83
16,(564) VHSO,NURSING SERVICE,422,1657808,INFUSION CONTROLLERS,CareFusion Alaris,ALARIS PC UNIT 8015 LS,OPERATING,H206-MV,20-Nov-17,20-Nov-25,2105.83
16,(564) VHSO,NURSING SERVICE,422,1657809,INFUSION CONTROLLERS,CareFusion Alaris,ALARIS PC UNIT 8015 LS,OPERATING,PC155-01,20-Nov-17,20-Nov-25,2105.83
16,(564) VHSO,NURSING SERVICE,422,1657810,INFUSION CONTROLLERS,CareFusion Alaris,ALARIS PC UNIT 8015 LS,OPERATING,115-53,20-Nov-17,20-Nov-25,2105.83
16,(564) VHSO,NURSING SERVICE,422,1659995,INFUSION CONTROLLERS,CareFusion Alaris,ALARIS PC UNIT 8015 LS,OPERATING,252-01,22-Nov-17,22-Nov-25,2594.94
16,(564) VHSO,NURSING SERVICE,422,1659993,INFUSION CONTROLLERS,CareFusion Alaris,ALARIS PC UNIT 8015 LS,OPERATING,3B333-01,22-Nov-17,22-Nov-25,2105.83
16,(564) VHSO,NURSING SERVICE,422,1657811,INFUSION CONTROLLERS,CareFusion Alaris,ALARIS PC UNIT 8015 LS,OPERATING,,20-Nov-17,20-Nov-25,2105.83
16,(564) VHSO,NURSING SERVICE,422,1657812,INFUSION CONTROLLERS,CareFusion Alaris,ALARIS PC UNIT 8015 LS,OPERATING,PC149-01,20-Nov-17,20-Nov-25,2105.83
16,(564) VHSO,NURSING SERVICE,422,1657813,INFUSION CONTROLLERS,CareFusion Alaris,ALARIS PC UNIT 8015 LS,OPERATING,202-01,20-Nov-17,20-Nov-25,2105.83
16,(564) VHSO,NURSING SERVICE,422,1657814,INFUSION CONTROLLERS,CareFusion Alaris,ALARIS PC UNIT 8015 LS,OPERATING,C319-01,20-Nov-17,20-Nov-25,2105.83
16,(564) VHSO,NURSING SERVICE,422,1657815,INFUSION CONTROLLERS,CareFusion Alaris,ALARIS PC UNIT 8015 LS,OPERATING,254-01,20-Nov-17,20-Nov-25,2105.83
16,(564) VHSO,NURSING SERVICE,422,1657816,INFUSION CONTROLLERS,CareFusion Alaris,ALARIS PC UNIT 8015 LS,OPERATING,PC148-01,20-Nov-17,20-Nov-25,2105.83
16,(564) VHSO,NURSING SERVICE,422,1657817,INFUSION CONTROLLERS,CareFusion Alaris,ALARIS PC UNIT 8015 LS,OPERATING,PC154-01,20-Nov-17,20-Nov-25,2105.83
16,(564) VHSO,NURSING SERVICE,422,1657818,INFUSION CONTROLLERS,CareFusion Alaris,ALARIS PC UNIT 8015 LS,OPERATING,SB228-MV,20-Nov-17,20-Nov-25,2105.83
16,(564) VHSO,NURSING SERVICE,422,1657819,INFUSION CONTROLLERS,CareFusion Alaris,ALARIS PC UNIT 8015 LS,OPERATING,219-01,20-Nov-17,20-Nov-25,2105.83
16,(564) VHSO,NURSING SERVICE,422,1657820,INFUSION CONTROLLERS,CareFusion Alaris,ALARIS PC UNIT 8015 LS,OPERATING,401-01,20-Nov-17,20-Nov-25,2105.83
16,(564) VHSO,NURSING SERVICE,422,1657821,INFUSION CONTROLLERS,CareFusion Alaris,ALARIS PC UNIT 8015 LS,OPERATING,251-01,20-Nov-17,20-Nov-25,2105.83
16,(564) VHSO,NURSING SERVICE,422,1657619,INFUSION PUMPS: MULTITHERAPY,CareFusion Alaris,ALARIS PUMP MODULE 8100,OPERATING,,20-Nov-17,20-Nov-25,1383.26
16,(564) VHSO,NURSING SERVICE,422,1657620,INFUSION PUMPS: MULTITHERAPY,CareFusion Alaris,ALARIS PUMP MODULE 8100,OPERATING,401-01,20-Nov-17,20-Nov-25,1383.26
16,(564) VHSO,NURSING SERVICE,422,1657621,INFUSION PUMPS: MULTITHERAPY,CareFusion Alaris,ALARIS PUMP MODULE 8100,OPERATING,267-01,20-Nov-17,20-Nov-25,1383.26
16,(564) VHSO,NURSING SERVICE,422,1657622,INFUSION PUMPS: MULTITHERAPY,CareFusion Alaris,ALARIS PUMP MODULE 8100,OPERATING,219-01,20-Nov-17,20-Nov-25,1383.26
16,(564) VHSO,NURSING SERVICE,422,1657623,INFUSION PUMPS: MULTITHERAPY,CareFusion Alaris,ALARIS PUMP MODULE 8100,OPERATING,PC148-01,20-Nov-17,20-Nov-25,1383.26
16,(564) VHSO,NURSING SERVICE,422,1657624,INFUSION PUMPS: MULTITHERAPY,CareFusion Alaris,ALARIS PUMP MODULE 8100,OPERATING,321-01,20-Nov-17,20-Nov-25,1383.26
16,(564) VHSO,NURSING SERVICE,422,1657625,INFUSION PUMPS: MULTITHERAPY,CareFusion Alaris,ALARIS PUMP MODULE 8100,OPERATING,216-01,20-Nov-17,20-Nov-25,1383.26
16,(564) VHSO,NURSING SERVICE,422,1657626,INFUSION PUMPS: MULTITHERAPY,CareFusion Alaris,ALARIS PUMP MODULE 8100,OPERATING,,20-Nov-17,20-Nov-25,1383.26
16,(564) VHSO,NURSING SERVICE,422,1660113,INFUSION PUMPS: MULTITHERAPY,CareFusion Alaris,ALARIS PUMP MODULE 8100,OPERATING,,22-Nov-17,22-Nov-25,1383.26
16,(564) VHSO,NURSING SERVICE,422,1660112,INFUSION PUMPS: MULTITHERAPY,CareFusion Alaris,ALARIS PUMP MODULE 8100,OPERATING,401-01,22-Nov-17,22-Nov-25,1383.34
16,(564) VHSO,NURSING SERVICE,422,1657477,INFUSION PUMPS: MULTITHERAPY,CareFusion Alaris,ALARIS PUMP MODULE 8100,OPERATING,PC154-01,20-Nov-17,20-Nov-25,1383.26
16,(564) VHSO,NURSING SERVICE,422,1657478,INFUSION PUMPS: MULTITHERAPY,CareFusion Alaris,ALARIS PUMP MODULE 8100,OPERATING,207-01,20-Nov-17,20-Nov-25,1383.26
16,(564) VHSO,NURSING SERVICE,422,1657479,INFUSION PUMPS: MULTITHERAPY,CareFusion Alaris,ALARIS PUMP MODULE 8100,OPERATING,216-01,20-Nov-17,20-Nov-25,1383.26
16,(564) VHSO,NURSING SERVICE,422,1657480,INFUSION PUMPS: MULTITHERAPY,CareFusion Alaris,ALARIS PUMP MODULE 8100,OPERATING,PC159-01,20-Nov-17,20-Nov-25,1383.26
16,(564) VHSO,NURSING SERVICE,422,1657481,INFUSION PUMPS: MULTITHERAPY,CareFusion Alaris,ALARIS PUMP MODULE 8100,OPERATING,PC166-01,20-Nov-17,20-Nov-25,1383.26
16,(564) VHSO,NURSING SERVICE,422,1657482,INFUSION PUMPS: MULTITHERAPY,CareFusion Alaris,ALARIS PUMP MODULE 8100,OPERATING,1111-02,20-Nov-17,20-Nov-25,1383.26
16,(564) VHSO,NURSING SERVICE,422,1657483,INFUSION PUMPS: MULTITHERAPY,CareFusion Alaris,ALARIS PUMP MODULE 8100,OPERATING,401-01,20-Nov-17,20-Nov-25,1383.26
16,(564) VHSO,NURSING SERVICE,422,1657484,INFUSION PUMPS: MULTITHERAPY,CareFusion Alaris,ALARIS PUMP MODULE 8100,OPERATING,239-01,20-Nov-17,20-Nov-25,1383.26
16,(564) VHSO,NURSING SERVICE,422,1657485,INFUSION PUMPS: MULTITHERAPY,CareFusion Alaris,ALARIS PUMP MODULE 8100,OPERATING,C319-01,20-Nov-17,20-Nov-25,1383.26
16,(564) VHSO,NURSING SERVICE,422,1657486,INFUSION PUMPS: MULTITHERAPY,CareFusion Alaris,ALARIS PUMP MODULE 8100,OPERATING,,20-Nov-17,20-Nov-25,1383.26
16,(564) VHSO,NURSING SERVICE,422,1657487,INFUSION PUMPS: MULTITHERAPY,CareFusion Alaris,ALARIS PUMP MODULE 8100,OPERATING,,20-Nov-17,20-Nov-25,1383.26
16,(564) VHSO,NURSING SERVICE,422,1657488,INFUSION PUMPS: MULTITHERAPY,CareFusion Alaris,ALARIS PUMP MODULE 8100,OPERATING,401-01,20-Nov-17,20-Nov-25,1383.26
16,(564) VHSO,NURSING SERVICE,422,1657489,INFUSION PUMPS: MULTITHERAPY,CareFusion Alaris,ALARIS PUMP MODULE 8100,OPERATING,3B333-01,20-Nov-17,20-Nov-25,1383.26
16,(564) VHSO,NURSING SERVICE,422,1657490,INFUSION PUMPS: MULTITHERAPY,CareFusion Alaris,ALARIS PUMP MODULE 8100,OPERATING,401-01,20-Nov-17,20-Nov-25,1383.26
16,(564) VHSO,NURSING SERVICE,422,1657491,INFUSION PUMPS: MULTITHERAPY,CareFusion Alaris,ALARIS PUMP MODULE 8100,OPERATING,PC145-01,20-Nov-17,20-Nov-25,1383.26
16,(564) VHSO,NURSING SERVICE,422,1657492,INFUSION PUMPS: MULTITHERAPY,CareFusion Alaris,ALARIS PUMP MODULE 8100,OPERATING,220-01,20-Nov-17,20-Nov-25,1383.26
16,(564) VHSO,NURSING SERVICE,422,1657493,INFUSION PUMPS: MULTITHERAPY,CareFusion Alaris,ALARIS PUMP MODULE 8100,OPERATING,212-01,20-Nov-17,20-Nov-25,1383.26
16,(564) VHSO,NURSING SERVICE,422,1657494,INFUSION PUMPS: MULTITHERAPY,CareFusion Alaris,ALARIS PUMP MODULE 8100,OPERATING,PC148-01,20-Nov-17,20-Nov-25,1383.26
16,(564) VHSO,NURSING SERVICE,422,1657495,INFUSION PUMPS: MULTITHERAPY,CareFusion Alaris,ALARIS PUMP MODULE 8100,OPERATING,PC145-01,20-Nov-17,20-Nov-25,1383.26
16,(564) VHSO,NURSING SERVICE,422,1657496,INFUSION PUMPS: MULTITHERAPY,CareFusion Alaris,ALARIS PUMP MODULE 8100,OPERATING,3B333-01,20-Nov-17,20-Nov-25,1383.26
16,(564) VHSO,NURSING SERVICE,422,1657497,INFUSION PUMPS: MULTITHERAPY,CareFusion Alaris,ALARIS PUMP MODULE 8100,OPERATING,221-01,20-Nov-17,20-Nov-25,1383.26
16,(564) VHSO,NURSING SERVICE,422,1657498,INFUSION PUMPS: MULTITHERAPY,CareFusion Alaris,ALARIS PUMP MODULE 8100,OPERATING,257-01,20-Nov-17,20-Nov-25,1383.26
16,(564) VHSO,NURSING SERVICE,422,1657499,INFUSION PUMPS: MULTITHERAPY,CareFusion Alaris,ALARIS PUMP MODULE 8100,OPERATING,PC154-01,20-Nov-17,20-Nov-25,1383.26
16,(564) VHSO,NURSING SERVICE,422,1657500,INFUSION PUMPS: MULTITHERAPY,CareFusion Alaris,ALARIS PUMP MODULE 8100,OPERATING,PCC110-01,20-Nov-17,20-Nov-25,1383.26
16,(564) VHSO,NURSING SERVICE,422,1657501,INFUSION PUMPS: MULTITHERAPY,CareFusion Alaris,ALARIS PUMP MODULE 8100,OPERATING,PC145-01,20-Nov-17,20-Nov-25,1383.26
16,(564) VHSO,NURSING SERVICE,422,1657502,INFUSION PUMPS: MULTITHERAPY,CareFusion Alaris,ALARIS PUMP MODULE 8100,OPERATING,252-01,20-Nov-17,20-Nov-25,1383.26
16,(564) VHSO,NURSING SERVICE,422,1657503,INFUSION PUMPS: MULTITHERAPY,CareFusion Alaris,ALARIS PUMP MODULE 8100,OPERATING,251-01,20-Nov-17,20-Nov-25,1383.26
16,(564) VHSO,NURSING SERVICE,422,1657504,INFUSION PUMPS: MULTITHERAPY,CareFusion Alaris,ALARIS PUMP MODULE 8100,OPERATING,239-01,20-Nov-17,20-Nov-25,1383.26
16,(564) VHSO,NURSING SERVICE,422,1657505,INFUSION PUMPS: MULTITHERAPY,CareFusion Alaris,ALARIS PUMP MODULE 8100,OPERATING,,20-Nov-17,20-Nov-25,1383.26
16,(564) VHSO,NURSING SERVICE,422,1657506,INFUSION PUMPS: MULTITHERAPY,CareFusion Alaris,ALARIS PUMP MODULE 8100,OPERATING,267-01,20-Nov-17,20-Nov-25,1383.26
16,(564) VHSO,NURSING SERVICE,422,1657507,INFUSION PUMPS: MULTITHERAPY,CareFusion Alaris,ALARIS PUMP MODULE 8100,OPERATING,C320-01,20-Nov-17,20-Nov-25,1383.26
16,(564) VHSO,NURSING SERVICE,422,1657508,INFUSION PUMPS: MULTITHERAPY,CareFusion Alaris,ALARIS PUMP MODULE 8100,OPERATING,C319-01,20-Nov-17,20-Nov-25,1383.26
16,(564) VHSO,NURSING SERVICE,422,1657509,INFUSION PUMPS: MULTITHERAPY,CareFusion Alaris,ALARIS PUMP MODULE 8100,OPERATING,005-46,20-Nov-17,20-Nov-25,1383.26
16,(564) VHSO,NURSING SERVICE,422,1657510,INFUSION PUMPS: MULTITHERAPY,CareFusion Alaris,ALARIS PUMP MODULE 8100,OPERATING,1111-02,20-Nov-17,20-Nov-25,1383.26
16,(564) VHSO,NURSING SERVICE,422,1657511,INFUSION PUMPS: MULTITHERAPY,CareFusion Alaris,ALARIS PUMP MODULE 8100,OPERATING,005-46,20-Nov-17,20-Nov-25,1383.26
16,(564) VHSO,NURSING SERVICE,422,1657512,INFUSION PUMPS: MULTITHERAPY,CareFusion Alaris,ALARIS PUMP MODULE 8100,OPERATING,222-01,20-Nov-17,20-Nov-25,1383.26
16,(564) VHSO,NURSING SERVICE,422,1657513,INFUSION PUMPS: MULTITHERAPY,CareFusion Alaris,ALARIS PUMP MODULE 8100,OPERATING,220-01,20-Nov-17,20-Nov-25,1383.26
16,(564) VHSO,NURSING SERVICE,422,1657514,INFUSION PUMPS: MULTITHERAPY,CareFusion Alaris,ALARIS PUMP MODULE 8100,OPERATING,226-01,20-Nov-17,20-Nov-25,1383.26
16,(564) VHSO,NURSING SERVICE,422,1657515,INFUSION PUMPS: MULTITHERAPY,CareFusion Alaris,ALARIS PUMP MODULE 8100,OPERATING,C319-01,20-Nov-17,20-Nov-25,1383.26
16,(564) VHSO,NURSING SERVICE,422,1657516,INFUSION PUMPS: MULTITHERAPY,CareFusion Alaris,ALARIS PUMP MODULE 8100,OPERATING,PC149-01,20-Nov-17,20-Nov-25,1383.26
16,(564) VHSO,NURSING SERVICE,422,1657517,INFUSION PUMPS: MULTITHERAPY,CareFusion Alaris,ALARIS PUMP MODULE 8100,OPERATING,005-46,20-Nov-17,20-Nov-25,1383.26
16,(564) VHSO,NURSING SERVICE,422,1657518,INFUSION PUMPS: MULTITHERAPY,CareFusion Alaris,ALARIS PUMP MODULE 8100,OPERATING,401-01,20-Nov-17,20-Nov-25,1383.26
16,(564) VHSO,NURSING SERVICE,422,1657519,INFUSION PUMPS: MULTITHERAPY,CareFusion Alaris,ALARIS PUMP MODULE 8100,OPERATING,PC154-01,20-Nov-17,20-Nov-25,1383.26
16,(564) VHSO,NURSING SERVICE,422,1657520,INFUSION PUMPS: MULTITHERAPY,CareFusion Alaris,ALARIS PUMP MODULE 8100,OPERATING,401-01,20-Nov-17,20-Nov-25,1383.26
16,(564) VHSO,NURSING SERVICE,422,1657521,INFUSION PUMPS: MULTITHERAPY,CareFusion Alaris,ALARIS PUMP MODULE 8100,OPERATING,207-01,20-Nov-17,20-Nov-25,1383.26
16,(564) VHSO,NURSING SERVICE,422,1657522,INFUSION PUMPS: MULTITHERAPY,CareFusion Alaris,ALARIS PUMP MODULE 8100,OPERATING,251-01,20-Nov-17,20-Nov-25,1383.26
16,(564) VHSO,NURSING SERVICE,422,1657523,INFUSION PUMPS: MULTITHERAPY,CareFusion Alaris,ALARIS PUMP MODULE 8100,OPERATING,1111-02,20-Nov-17,20-Nov-25,1383.26
16,(564) VHSO,NURSING SERVICE,422,1657524,INFUSION PUMPS: MULTITHERAPY,CareFusion Alaris,ALARIS PUMP MODULE 8100,OPERATING,,20-Nov-17,20-Nov-25,1383.26
16,(564) VHSO,NURSING SERVICE,422,1657525,INFUSION PUMPS: MULTITHERAPY,CareFusion Alaris,ALARIS PUMP MODULE 8100,OPERATING,1111-02,20-Nov-17,20-Nov-25,1383.26
16,(564) VHSO,NURSING SERVICE,422,1657526,INFUSION PUMPS: MULTITHERAPY,CareFusion Alaris,ALARIS PUMP MODULE 8100,OPERATING,1111-02,20-Nov-17,20-Nov-25,1383.26
16,(564) VHSO,NURSING SERVICE,422,1657527,INFUSION PUMPS: MULTITHERAPY,CareFusion Alaris,ALARIS PUMP MODULE 8100,OPERATING,PC159-01,20-Nov-17,20-Nov-25,1383.26
16,(564) VHSO,NURSING SERVICE,422,1657528,INFUSION PUMPS: MULTITHERAPY,CareFusion Alaris,ALARIS PUMP MODULE 8100,OPERATING,,20-Nov-17,20-Nov-25,1383.26
16,(564) VHSO,NURSING SERVICE,422,1657529,INFUSION PUMPS: MULTITHERAPY,CareFusion Alaris,ALARIS PUMP MODULE 8100,OPERATING,PC164-01,20-Nov-17,20-Nov-25,1383.26
16,(564) VHSO,NURSING SERVICE,422,1657530,INFUSION PUMPS: MULTITHERAPY,CareFusion Alaris,ALARIS PUMP MODULE 8100,OPERATING,401-01,20-Nov-17,20-Nov-25,1383.26
16,(564) VHSO,NURSING SERVICE,422,1657531,INFUSION PUMPS: MULTITHERAPY,CareFusion Alaris,ALARIS PUMP MODULE 8100,OPERATING,401-01,20-Nov-17,20-Nov-25,1383.26
16,(564) VHSO,NURSING SERVICE,422,1657532,INFUSION PUMPS: MULTITHERAPY,CareFusion Alaris,ALARIS PUMP MODULE 8100,OPERATING,323A-01,20-Nov-17,20-Nov-25,1383.26
16,(564) VHSO,NURSING SERVICE,422,1657533,INFUSION PUMPS: MULTITHERAPY,CareFusion Alaris,ALARIS PUMP MODULE 8100,OPERATING,216-01,20-Nov-17,20-Nov-25,1383.26
16,(564) VHSO,NURSING SERVICE,422,1657534,INFUSION PUMPS: MULTITHERAPY,CareFusion Alaris,ALARIS PUMP MODULE 8100,OPERATING,323A-01,20-Nov-17,20-Nov-25,1383.26
16,(564) VHSO,NURSING SERVICE,422,1657535,INFUSION PUMPS: MULTITHERAPY,CareFusion Alaris,ALARIS PUMP MODULE 8100,OPERATING,PC145-01,20-Nov-17,20-Nov-25,1383.26
16,(564) VHSO,NURSING SERVICE,422,1657536,INFUSION PUMPS: MULTITHERAPY,CareFusion Alaris,ALARIS PUMP MODULE 8100,OPERATING,401-01,20-Nov-17,20-Nov-25,1383.26
16,(564) VHSO,NURSING SERVICE,422,1657537,INFUSION PUMPS: MULTITHERAPY,CareFusion Alaris,ALARIS PUMP MODULE 8100,OPERATING,,20-Nov-17,20-Nov-25,1383.26
16,(564) VHSO,NURSING SERVICE,422,1657538,INFUSION PUMPS: MULTITHERAPY,CareFusion Alaris,ALARIS PUMP MODULE 8100,OPERATING,239-01,20-Nov-17,20-Nov-25,1383.26
16,(564) VHSO,NURSING SERVICE,422,1657539,INFUSION PUMPS: MULTITHERAPY,CareFusion Alaris,ALARIS PUMP MODULE 8100,OPERATING,,20-Nov-17,20-Nov-25,1383.26
16,(564) VHSO,NURSING SERVICE,422,1657540,INFUSION PUMPS: MULTITHERAPY,CareFusion Alaris,ALARIS PUMP MODULE 8100,OPERATING,252-01,20-Nov-17,20-Nov-25,1383.26
16,(564) VHSO,NURSING SERVICE,422,1657541,INFUSION PUMPS: MULTITHERAPY,CareFusion Alaris,ALARIS PUMP MODULE 8100,OPERATING,221-01,20-Nov-17,20-Nov-25,1383.26
16,(564) VHSO,NURSING SERVICE,422,1657542,INFUSION PUMPS: MULTITHERAPY,CareFusion Alaris,ALARIS PUMP MODULE 8100,OPERATING,1111-02,20-Nov-17,20-Nov-25,1383.26
16,(564) VHSO,NURSING SERVICE,422,1657543,INFUSION PUMPS: MULTITHERAPY,CareFusion Alaris,ALARIS PUMP MODULE 8100,OPERATING,SB228-MV,20-Nov-17,20-Nov-25,1383.26
16,(564) VHSO,NURSING SERVICE,422,1657544,INFUSION PUMPS: MULTITHERAPY,CareFusion Alaris,ALARIS PUMP MODULE 8100,OPERATING,NB224-MV,20-Nov-17,20-Nov-25,1383.26
16,(564) VHSO,NURSING SERVICE,422,1657545,INFUSION PUMPS: MULTITHERAPY,CareFusion Alaris,ALARIS PUMP MODULE 8100,OPERATING,1111-02,20-Nov-17,20-Nov-25,1383.26
16,(564) VHSO,NURSING SERVICE,422,1657546,INFUSION PUMPS: MULTITHERAPY,CareFusion Alaris,ALARIS PUMP MODULE 8100,OPERATING,C319-01,20-Nov-17,20-Nov-25,1383.26
16,(564) VHSO,NURSING SERVICE,422,1657547,INFUSION PUMPS: MULTITHERAPY,CareFusion Alaris,ALARIS PUMP MODULE 8100,OPERATING,PC145-01,20-Nov-17,20-Nov-25,1383.26
16,(564) VHSO,NURSING SERVICE,422,1657548,INFUSION PUMPS: MULTITHERAPY,CareFusion Alaris,ALARIS PUMP MODULE 8100,OPERATING,PC149-01,20-Nov-17,20-Nov-25,1383.26
16,(564) VHSO,NURSING SERVICE,422,1657549,INFUSION PUMPS: MULTITHERAPY,CareFusion Alaris,ALARIS PUMP MODULE 8100,OPERATING,1111-02,20-Nov-17,20-Nov-25,1383.26
16,(564) VHSO,NURSING SERVICE,422,1657550,INFUSION PUMPS: MULTITHERAPY,CareFusion Alaris,ALARIS PUMP MODULE 8100,OPERATING,PC159-01,20-Nov-17,20-Nov-25,1383.26
16,(564) VHSO,NURSING SERVICE,422,1657551,INFUSION PUMPS: MULTITHERAPY,CareFusion Alaris,ALARIS PUMP MODULE 8100,OPERATING,203-01,20-Nov-17,20-Nov-25,1383.26
16,(564) VHSO,NURSING SERVICE,422,1657552,INFUSION PUMPS: MULTITHERAPY,CareFusion Alaris,ALARIS PUMP MODULE 8100,OPERATING,219-01,20-Nov-17,20-Nov-25,1383.26
16,(564) VHSO,NURSING SERVICE,422,1657553,INFUSION PUMPS: MULTITHERAPY,CareFusion Alaris,ALARIS PUMP MODULE 8100,OPERATING,239-01,20-Nov-17,20-Nov-25,1383.26
16,(564) VHSO,NURSING SERVICE,422,1657554,INFUSION PUMPS: MULTITHERAPY,CareFusion Alaris,ALARIS PUMP MODULE 8100,OPERATING,321-01,20-Nov-17,20-Nov-25,1383.26
16,(564) VHSO,NURSING SERVICE,422,1657555,INFUSION PUMPS: MULTITHERAPY,CareFusion Alaris,ALARIS PUMP MODULE 8100,OPERATING,257-01,20-Nov-17,20-Nov-25,1383.26
16,(564) VHSO,NURSING SERVICE,422,1657556,INFUSION PUMPS: MULTITHERAPY,CareFusion Alaris,ALARIS PUMP MODULE 8100,OPERATING,PC154-01,20-Nov-17,20-Nov-25,1383.26
16,(564) VHSO,NURSING SERVICE,422,1657557,INFUSION PUMPS: MULTITHERAPY,CareFusion Alaris,ALARIS PUMP MODULE 8100,OPERATING,PC149-01,20-Nov-17,20-Nov-25,1383.26
16,(564) VHSO,NURSING SERVICE,422,1657558,INFUSION PUMPS: MULTITHERAPY,CareFusion Alaris,ALARIS PUMP MODULE 8100,OPERATING,PC152-01,20-Nov-17,20-Nov-25,1383.26
16,(564) VHSO,NURSING SERVICE,422,1657559,INFUSION PUMPS: MULTITHERAPY,CareFusion Alaris,ALARIS PUMP MODULE 8100,OPERATING,401-01,20-Nov-17,20-Nov-25,1383.26
16,(564) VHSO,NURSING SERVICE,422,1657560,INFUSION PUMPS: MULTITHERAPY,CareFusion Alaris,ALARIS PUMP MODULE 8100,OPERATING,1111-02,20-Nov-17,20-Nov-25,1383.26
16,(564) VHSO,NURSING SERVICE,422,1657561,INFUSION PUMPS: MULTITHERAPY,CareFusion Alaris,ALARIS PUMP MODULE 8100,OPERATING,239-01,20-Nov-17,20-Nov-25,1383.26
16,(564) VHSO,NURSING SERVICE,422,1657562,INFUSION PUMPS: MULTITHERAPY,CareFusion Alaris,ALARIS PUMP MODULE 8100,OPERATING,239-01,20-Nov-17,20-Nov-25,1383.26
16,(564) VHSO,NURSING SERVICE,422,1657563,INFUSION PUMPS: MULTITHERAPY,CareFusion Alaris,ALARIS PUMP MODULE 8100,OPERATING,PC149-01,20-Nov-17,20-Nov-25,1383.26
16,(564) VHSO,NURSING SERVICE,422,1657564,INFUSION PUMPS: MULTITHERAPY,CareFusion Alaris,ALARIS PUMP MODULE 8100,OPERATING,239-01,20-Nov-17,20-Nov-25,1383.26
16,(564) VHSO,NURSING SERVICE,422,1657565,INFUSION PUMPS: MULTITHERAPY,CareFusion Alaris,ALARIS PUMP MODULE 8100,OPERATING,1111-02,20-Nov-17,20-Nov-25,1383.26
16,(564) VHSO,NURSING SERVICE,422,1657566,INFUSION PUMPS: MULTITHERAPY,CareFusion Alaris,ALARIS PUMP MODULE 8100,OPERATING,316-01,20-Nov-17,20-Nov-25,1383.26
16,(564) VHSO,NURSING SERVICE,422,1657567,INFUSION PUMPS: MULTITHERAPY,CareFusion Alaris,ALARIS PUMP MODULE 8100,OPERATING,PC145-01,20-Nov-17,20-Nov-25,1383.26
16,(564) VHSO,NURSING SERVICE,422,1657568,INFUSION PUMPS: MULTITHERAPY,CareFusion Alaris,ALARIS PUMP MODULE 8100,OPERATING,239-01,20-Nov-17,20-Nov-25,1383.26
16,(564) VHSO,NURSING SERVICE,422,1657569,INFUSION PUMPS: MULTITHERAPY,CareFusion Alaris,ALARIS PUMP MODULE 8100,OPERATING,,20-Nov-17,20-Nov-25,1383.26
16,(564) VHSO,NURSING SERVICE,422,1657570,INFUSION PUMPS: MULTITHERAPY,CareFusion Alaris,ALARIS PUMP MODULE 8100,OPERATING,239-01,20-Nov-17,20-Nov-25,1383.26
16,(564) VHSO,NURSING SERVICE,422,1657571,INFUSION PUMPS: MULTITHERAPY,CareFusion Alaris,ALARIS PUMP MODULE 8100,OPERATING,005-46,20-Nov-17,20-Nov-25,1383.26
16,(564) VHSO,NURSING SERVICE,422,1657572,INFUSION PUMPS: MULTITHERAPY,CareFusion Alaris,ALARIS PUMP MODULE 8100,OPERATING,323-01,20-Nov-17,20-Nov-25,1383.26
16,(564) VHSO,NURSING SERVICE,422,1657573,INFUSION PUMPS: MULTITHERAPY,CareFusion Alaris,ALARIS PUMP MODULE 8100,OPERATING,PC145-01,20-Nov-17,20-Nov-25,1383.26
16,(564) VHSO,NURSING SERVICE,422,1657574,INFUSION PUMPS: MULTITHERAPY,CareFusion Alaris,ALARIS PUMP MODULE 8100,OPERATING,239-01,20-Nov-17,20-Nov-25,1383.26
16,(564) VHSO,NURSING SERVICE,422,1657575,INFUSION PUMPS: MULTITHERAPY,CareFusion Alaris,ALARIS PUMP MODULE 8100,OPERATING,401-01,20-Nov-17,20-Nov-25,1383.26
16,(564) VHSO,NURSING SERVICE,422,1657576,INFUSION PUMPS: MULTITHERAPY,CareFusion Alaris,ALARIS PUMP MODULE 8100,OPERATING,PC150-01,20-Nov-17,20-Nov-25,1383.26
16,(564) VHSO,NURSING SERVICE,422,1657577,INFUSION PUMPS: MULTITHERAPY,CareFusion Alaris,ALARIS PUMP MODULE 8100,OPERATING,C319-01,20-Nov-17,20-Nov-25,1383.26
16,(564) VHSO,NURSING SERVICE,422,1657578,INFUSION PUMPS: MULTITHERAPY,CareFusion Alaris,ALARIS PUMP MODULE 8100,OPERATING,221-01,20-Nov-17,20-Nov-25,1383.26
16,(564) VHSO,NURSING SERVICE,422,1657579,INFUSION PUMPS: MULTITHERAPY,CareFusion Alaris,ALARIS PUMP MODULE 8100,OPERATING,PC145-01,20-Nov-17,20-Nov-25,1383.26
16,(564) VHSO,NURSING SERVICE,422,1657580,INFUSION PUMPS: MULTITHERAPY,CareFusion Alaris,ALARIS PUMP MODULE 8100,OPERATING,239-01,20-Nov-17,20-Nov-25,1383.26
16,(564) VHSO,NURSING SERVICE,422,1657581,INFUSION PUMPS: MULTITHERAPY,CareFusion Alaris,ALARIS PUMP MODULE 8100,OPERATING,239-01,20-Nov-17,20-Nov-25,1383.26
16,(564) VHSO,NURSING SERVICE,422,1657582,INFUSION PUMPS: MULTITHERAPY,CareFusion Alaris,ALARIS PUMP MODULE 8100,OPERATING,1111-02,20-Nov-17,20-Nov-25,1383.26
16,(564) VHSO,NURSING SERVICE,422,1657583,INFUSION PUMPS: MULTITHERAPY,CareFusion Alaris,ALARIS PUMP MODULE 8100,OPERATING,1111-02,20-Nov-17,20-Nov-25,1383.26
16,(564) VHSO,NURSING SERVICE,422,1657584,INFUSION PUMPS: MULTITHERAPY,CareFusion Alaris,ALARIS PUMP MODULE 8100,OPERATING,,20-Nov-17,20-Nov-25,1383.26
16,(564) VHSO,NURSING SERVICE,422,1657585,INFUSION PUMPS: MULTITHERAPY,CareFusion Alaris,ALARIS PUMP MODULE 8100,OPERATING,1111-02,20-Nov-17,20-Nov-25,1383.26
16,(564) VHSO,NURSING SERVICE,422,1657586,INFUSION PUMPS: MULTITHERAPY,CareFusion Alaris,ALARIS PUMP MODULE 8100,OPERATING,PC159-01,20-Nov-17,20-Nov-25,1383.26
16,(564) VHSO,NURSING SERVICE,422,1657587,INFUSION PUMPS: MULTITHERAPY,CareFusion Alaris,ALARIS PUMP MODULE 8100,OPERATING,PC148-01,20-Nov-17,20-Nov-25,1383.26
16,(564) VHSO,NURSING SERVICE,422,1657588,INFUSION PUMPS: MULTITHERAPY,CareFusion Alaris,ALARIS PUMP MODULE 8100,OPERATING,214-01,20-Nov-17,20-Nov-25,1383.26
16,(564) VHSO,NURSING SERVICE,422,1657589,INFUSION PUMPS: MULTITHERAPY,CareFusion Alaris,ALARIS PUMP MODULE 8100,OPERATING,247-01,20-Nov-17,20-Nov-25,1383.26
16,(564) VHSO,NURSING SERVICE,422,1657590,INFUSION PUMPS: MULTITHERAPY,CareFusion Alaris,ALARIS PUMP MODULE 8100,OPERATING,220-01,20-Nov-17,20-Nov-25,1383.26
16,(564) VHSO,NURSING SERVICE,422,1657591,INFUSION PUMPS: MULTITHERAPY,CareFusion Alaris,ALARIS PUMP MODULE 8100,OPERATING,401-01,20-Nov-17,20-Nov-25,1383.26
16,(564) VHSO,NURSING SERVICE,422,1657592,INFUSION PUMPS: MULTITHERAPY,CareFusion Alaris,ALARIS PUMP MODULE 8100,OPERATING,267-01,20-Nov-17,20-Nov-25,1383.26
16,(564) VHSO,NURSING SERVICE,422,1657593,INFUSION PUMPS: MULTITHERAPY,CareFusion Alaris,ALARIS PUMP MODULE 8100,OPERATING,PC149-01,20-Nov-17,20-Nov-25,1383.26
16,(564) VHSO,NURSING SERVICE,422,1657594,INFUSION PUMPS: MULTITHERAPY,CareFusion Alaris,ALARIS PUMP MODULE 8100,OPERATING,216-01,20-Nov-17,20-Nov-25,1383.26
16,(564) VHSO,NURSING SERVICE,422,1657595,INFUSION PUMPS: MULTITHERAPY,CareFusion Alaris,ALARIS PUMP MODULE 8100,OPERATING,401-01,20-Nov-17,20-Nov-25,1383.26
16,(564) VHSO,NURSING SERVICE,422,1657596,INFUSION PUMPS: MULTITHERAPY,CareFusion Alaris,ALARIS PUMP MODULE 8100,OPERATING,PC164-01,20-Nov-17,20-Nov-25,1383.26
16,(564) VHSO,NURSING SERVICE,422,1657597,INFUSION PUMPS: MULTITHERAPY,CareFusion Alaris,ALARIS PUMP MODULE 8100,OPERATING,202-01,20-Nov-17,20-Nov-25,1383.26
16,(564) VHSO,NURSING SERVICE,422,1657598,INFUSION PUMPS: MULTITHERAPY,CareFusion Alaris,ALARIS PUMP MODULE 8100,OPERATING,222-01,20-Nov-17,20-Nov-25,1383.26
16,(564) VHSO,NURSING SERVICE,422,1657599,INFUSION PUMPS: MULTITHERAPY,CareFusion Alaris,ALARIS PUMP MODULE 8100,OPERATING,239-01,20-Nov-17,20-Nov-25,1383.26
16,(564) VHSO,NURSING SERVICE,422,1657600,INFUSION PUMPS: MULTITHERAPY,CareFusion Alaris,ALARIS PUMP MODULE 8100,OPERATING,,20-Nov-17,20-Nov-25,1383.26
16,(564) VHSO,NURSING SERVICE,422,1657601,INFUSION PUMPS: MULTITHERAPY,CareFusion Alaris,ALARIS PUMP MODULE 8100,OPERATING,401-01,20-Nov-17,20-Nov-25,1383.26
16,(564) VHSO,NURSING SERVICE,422,1657602,INFUSION PUMPS: MULTITHERAPY,CareFusion Alaris,ALARIS PUMP MODULE 8100,OPERATING,,20-Nov-17,20-Nov-25,1383.26
16,(564) VHSO,NURSING SERVICE,422,1657603,INFUSION PUMPS: MULTITHERAPY,CareFusion Alaris,ALARIS PUMP MODULE 8100,OPERATING,2233-21,20-Nov-17,20-Nov-25,1383.26
16,(564) VHSO,NURSING SERVICE,422,1657604,INFUSION PUMPS: MULTITHERAPY,CareFusion Alaris,ALARIS PUMP MODULE 8100,OPERATING,401-01,20-Nov-17,20-Nov-25,1383.26
16,(564) VHSO,NURSING SERVICE,422,1657605,INFUSION PUMPS: MULTITHERAPY,CareFusion Alaris,ALARIS PUMP MODULE 8100,OPERATING,401-01,20-Nov-17,20-Nov-25,1383.26
16,(564) VHSO,NURSING SERVICE,422,1657606,INFUSION PUMPS: MULTITHERAPY,CareFusion Alaris,ALARIS PUMP MODULE 8100,OPERATING,401-01,20-Nov-17,20-Nov-25,1383.26
16,(564) VHSO,NURSING SERVICE,422,1657607,INFUSION PUMPS: MULTITHERAPY,CareFusion Alaris,ALARIS PUMP MODULE 8100,OPERATING,239-01,20-Nov-17,20-Nov-25,1383.26
16,(564) VHSO,NURSING SERVICE,422,1657608,INFUSION PUMPS: MULTITHERAPY,CareFusion Alaris,ALARIS PUMP MODULE 8100,OPERATING,212-01,20-Nov-17,20-Nov-25,1383.26
16,(564) VHSO,NURSING SERVICE,422,1657609,INFUSION PUMPS: MULTITHERAPY,CareFusion Alaris,ALARIS PUMP MODULE 8100,OPERATING,401-01,20-Nov-17,20-Nov-25,1383.26
16,(564) VHSO,NURSING SERVICE,422,1657610,INFUSION PUMPS: MULTITHERAPY,CareFusion Alaris,ALARIS PUMP MODULE 8100,OPERATING,214-01,20-Nov-17,20-Nov-25,1383.26
16,(564) VHSO,NURSING SERVICE,422,1657611,INFUSION PUMPS: MULTITHERAPY,CareFusion Alaris,ALARIS PUMP MODULE 8100,OPERATING,PC145-01,20-Nov-17,20-Nov-25,1383.26
16,(564) VHSO,NURSING SERVICE,422,1657612,INFUSION PUMPS: MULTITHERAPY,CareFusion Alaris,ALARIS PUMP MODULE 8100,OPERATING,222-01,20-Nov-17,20-Nov-25,1383.26
16,(564) VHSO,NURSING SERVICE,422,1657613,INFUSION PUMPS: MULTITHERAPY,CareFusion Alaris,ALARIS PUMP MODULE 8100,OPERATING,1111-02,20-Nov-17,20-Nov-25,1383.26
16,(564) VHSO,NURSING SERVICE,422,1657614,INFUSION PUMPS: MULTITHERAPY,CareFusion Alaris,ALARIS PUMP MODULE 8100,OPERATING,1111-02,20-Nov-17,20-Nov-25,1383.26
16,(564) VHSO,NURSING SERVICE,422,1657615,INFUSION PUMPS: MULTITHERAPY,CareFusion Alaris,ALARIS PUMP MODULE 8100,OPERATING,3B333-01,20-Nov-17,20-Nov-25,1383.26
16,(564) VHSO,NURSING SERVICE,422,1657616,INFUSION PUMPS: MULTITHERAPY,CareFusion Alaris,ALARIS PUMP MODULE 8100,OPERATING,203-01,20-Nov-17,20-Nov-25,1383.26
16,(564) VHSO,NURSING SERVICE,422,1657617,INFUSION PUMPS: MULTITHERAPY,CareFusion Alaris,ALARIS PUMP MODULE 8100,OPERATING,401-01,20-Nov-17,20-Nov-25,1383.26
16,(564) VHSO,NURSING SERVICE,422,1657618,INFUSION PUMPS: MULTITHERAPY,CareFusion Alaris,ALARIS PUMP MODULE 8100,OPERATING,H206-MV,20-Nov-17,20-Nov-25,1383.26
16,(564) VHSO,NURSING SERVICE,422,1593317,INFUSION PUMPS: MULTITHERAPY,CareFusion Alaris,ALARIS PUMP MODULE 8100,OPERATING,,28-Dec-12,28-Dec-20,1594.97
16,(564) VHSO,NURSING SERVICE,422,1195538,INFUSION PUMPS: MULTITHERAPY,"ALARIS, INC.",ALARIS PUMP MODULE 8100,OPERATING,207-01,28-Apr-10,28-Apr-18,1494.97
16,(564) VHSO,ICU,431,1276345,INFUSION PUMPS: MULTITHERAPY: SYRINGE,B Braun Medical Inc,PERFUSOR SPACE,OPERATING,1114-02,13-Jul-17,13-Jul-25,2735.28
16,(564) VHSO,ICU,431,1276286,INFUSION PUMPS: MULTITHERAPY: SYRINGE,B Braun Medical Inc,PERFUSOR SPACE,OPERATING,1114-02,13-Jul-17,13-Jul-25,2735.28
16,(564) VHSO,ICU,431,1276026,INFUSION PUMPS: MULTITHERAPY: SYRINGE,B Braun Medical Ltd,PERFUSOR SPACE,OPERATING,1114-02,13-Jul-17,13-Jul-25,2735.38
16,(564) VHSO,ICU,431,1097060,INFUSION PUMPS: MULTITHERAPY: SYRINGE,Smiths Medical,MEDFUSION 3500,OPERATING,392-01,22-Sep-16,22-Sep-24,2420.94
16,(564) VHSO,ICU,431,1233832,INFUSION PUMPS: MULTITHERAPY: SYRINGE,Baxter International Inc,INFUSOR,OPERATING,1111-02,14-Sep-06,14-Sep-14,1507.5
16,(564) VHSO,ICU,431,1237280,INFUSION PUMPS: MULTITHERAPY: SYRINGE,Baxter International Inc,INFUSOR,OPERATING,1111-02,4-Apr-05,4-Apr-13,1507
16,(564) VHSO,ICU,431,1192790,INFUSION PUMPS: MULTITHERAPY: SYRINGE,Baxter International Inc,INFUSOR,OPERATING,1111-02,14-Sep-06,14-Sep-14,1507.5
